amino_acid,count,frequency
G,447,0.2571921749136939
A,212,0.12197928653624857
S,204,0.11737629459148446
V,166,0.09551208285385501
D,152,0.08745684695051784
R,130,0.07479861910241657
T,82,0.047180667433831994
Y,72,0.04142692750287687
W,57,0.03279631760644419
Q,57,0.03279631760644419
F,42,0.024165707710011506
L,39,0.02243958573072497
N,24,0.01380897583429229
I,18,0.010356731875719217
P,18,0.010356731875719217
E,13,0.007479861910241657
K,4,0.0023014959723820483
H,1,0.0005753739930955121
